,poultry,maize,wheat,grains,beef,cheese,pig,sugar,soya,butter,oils,rice,sheep
ARG_1990_1993,13.3119380317,25.4075103252,114.444242681,17.9812783916,52.3154549636,9.71253898926,4.14021797884,32.7435587345,0.299271296544,1.20377656917,10.9302817634,4.63802879296,2.10615354183
AUS_1990_1993,22.286952448,4.05127278991,82.9980853259,8.43489677147,26.9530790073,8.26942267073,14.6982189417,47.7236825202,0.0,4.0578188366,17.7507872675,13.9876970251,18.325628245
BGD_1990_1993,0.689091218105,0.0278183675905,18.7086906348,0.647858668041,0.923794850945,0.00906331484084,6.40159200295e-07,8.20716932575e-07,8.20716932575e-07,0.133119588332,3.16354824596,144.433218972,0.674657270993
BRA_1990_1993,13.6690696543,23.3423854219,47.8895442649,1.68541758162,19.1103465836,1.94354957098,5.64098301099,44.8841510078,9.84084152258e-06,0.344704764387,18.5309437465,51.0376957776,0.668470041179
CAN_1990_1993,25.9884466062,56.3470888403,78.9334247627,17.4624084913,23.9148854651,9.5426682974,21.167670087,42.376266034,10.5322676079,2.9945185069,32.719446624,6.52216420701,0.747039719362
CHL_1990_1993,11.2087806375,4.45897023175,128.979168265,3.00084443853,12.9073378328,2.80831858676,7.48341567655,6.68845542194e-06,6.68845542194e-06,0.724169215028,7.56095402806,9.74307040447,0.914275308764
CHN_1990_1993,3.36960657876,6.8333737669,79.6043667174,6.16948675094,0.926159132501,0.141483293114,16.7464509987,4.55904637832,4.26108435041,0.0604085993181,5.16679927363,87.9474960485,0.905741151765
COL_1990_1993,9.70946064023,25.5785292901,22.4699620572,1.69701785415,12.9358299174,1.45295512635,2.97263265782,2.55529736229e-06,0.201121150896,0.420261278639,9.10178607833,25.2472379762,0.312319029666
DZA_1990_1993,6.26635057067,11.9203342158,184.241897773,20.4540887482,2.97473344275,0.140354515124,0.0871826792622,3.35318000888e-06,3.35318000888e-06,1.57490152051,10.4830140795,1.37390019981,5.26897496049
EGY_1990_1993,4.61915792545,44.8458201267,173.417402048,3.67257878417,5.594146855,5.12569498151,0.0333363168219,1.54515679254e-06,0.0664198197694,2.22248182737,8.04059284246,30.9380894773,1.18237553463
ETH_1990_1993,0.592393798265,22.6261520171,25.0757602107,52.2271426311,3.01058716921,0.0645499834351,0.0145854533664,1.68293694559e-06,0.20157844025,0.19634264147,1.58073562714,0.1926027852,1.00377838039
EUN_1990_1993,14.5602764256,9.86335338982,111.722917716,9.38738155314,12.6773643895,16.63683655,32.854577324,34.8641742761,0.0,3.66522796581,21.2467880026,4.4720623735,2.88071807499
GHA_1990_1993,1.00996158613,43.19573064,9.90320752974,18.7689634431,1.80750724101,0.00636333342221,0.615300545694,5.90259126183e-06,5.90259126183e-06,0.0516177262884,6.13887066947,13.6769552352,0.63485647533
HTI_1990_1993,0.75312030404,0.022759133212,0.031673927544,0.00941634703025,2.50911868267,5.68035085e-05,1.80830034319,0.0158712608978,1.230925e-08,1.13542685e-05,0.00706770754125,0.022317808265,0.48142214011
IDN_1990_1993,2.76087495324,25.0539751904,12.8134311495,3.38518109271e-06,1.28569154382,0.0203818660311,2.43922047392,4.83597304331e-07,2.92515988062,0.0436868106593,10.3083725816,149.68309522,0.46740640244
IND_1990_1993,0.504301568353,6.46989590474,53.3515889316,20.2947168937,1.61561325486,1.21230201437e-05,0.37622872937,1.00327295803e-07,0.248060126489,1.20972469084,4.07747865892,75.6456560053,0.602391225021
IRN_1990_1993,7.72410046686,0.348985904938,166.206743327,0.447998543087,3.79804322806,4.57851023883,1.2191136726e-06,1.56296626429e-06,0.115541451123,1.98529399955,8.22690315764,32.5903338759,5.97137426706
ISR_1990_1993,37.1952116396,0.004571282384,0.129439340681,0.0013834044035,10.7605882579,0.0165939141653,1.48527955389,1.904225e-08,1.904225e-08,0.0012230209455,0.0164192328597,0.0118228303685,1.16125998315
JPN_1990_1993,12.3648251722,19.2849042877,41.2139987577,2.47000983119,6.70018519002,1.27359206993,13.2014911558,21.5514252231,6.52857351611,0.725694959351,15.7844427646,70.4544773223,0.755893440452
KAZ_1990_1993,7.22873128704,5.48805800241e-06,141.784331834,28.8037544175,25.9456688289,1.55035739702,10.2123380982,5.48805806339e-06,0.313454685465,4.23467096942,4.91208791317,13.4531597108,12.9079813126
KOR_1990_1993,6.93319642145,2.07470389694,42.0554598044,9.88829162369,5.29554047058,0.214400600836,11.681336123,20.4581621752,8.57217135104,0.119194619418,9.61509726422,114.764037108,0.225214231358
MEX_1990_1993,9.62083891737,156.384521757,39.5006112807,5.42198237372,8.36444380695,2.19011989721,7.50587418987,40.5856077815,0.0,0.335274165909,15.3215082769,5.23052155474,0.584242683303
MOZ_1990_1993,1.80663910687,49.8291018096,9.82331700936,11.1511243852,0.737775914673,0.0097201672064,0.668657359124,6.42939775533e-06,6.42939775533e-06,0.064974234262,4.05920348335,7.78369879827,0.924962806544
MYS_1990_1993,23.7281039301,2.0928955712,36.2153689025,0.0601536642883,2.84855343835,0.0940955096524,10.2071538654,4.7517627877e-06,4.7517627877e-06,0.454315498064,8.1039828826,84.1926813036,0.416938662586
NGA_1990_1993,1.4766636106,46.5552971081,6.93458533353,82.9121508705,1.52021540409,0.0716771776573,0.86924320006,9.06518935435e-07,0.562217801126,0.0922577378903,7.89875197965,17.8446887717,1.52754198085
NZL_1990_1993,15.402604914,7.50705203319,6.76738496081,25.3834041863,24.7664753582,12.9712720309,11.023317452,54.903503556,5.17774991519e-05,9.30353642292,12.0982613049,4.80983256434,27.2450602397
PAK_1990_1993,1.48000468091,6.4222533672,131.373972365,2.18559763869,4.46445166226,0.00109839318777,6.26731465854e-07,8.03501888228e-07,0.00156465800944,3.10410402299,9.11497805381,17.874905997,4.22101399051
PER_1990_1993,11.4611581876,7.68826768061,47.1753721114,4.18385560591,3.65881246451,0.597144466744,2.45876417101,4.00064348337e-06,0.00196210137094,0.166548075008,4.64488031589,39.4363171576,1.19585510329
PHL_1990_1993,4.09614363246,19.648181776,26.4213392541,0.00602852638143,1.59917993871,0.154141394789,8.42483153886,1.40078049314e-06,0.0206674734865,0.144006412473,3.27279688028,95.2948851885,0.366178576783
PRY_1990_1993,4.33033279969,34.7707378581,44.3491755825,0.000144015571876,26.0672594375,0.0140550256355,21.9136284009,2.05736533537e-05,8.9523309866,2.05736533537e-05,13.786964342,12.8347960662,0.603493825004
RUS_1990_1993,8.76189990929,3.37038984233,107.009974017,45.6570275133,19.8686250196,2.20543335033,14.6720612551,23.6508967407,0.0,6.50337512213,7.01313303701,3.75088343078,2.10136549196
SAU_1990_1993,24.7523707421,0.295175450894,76.6272941305,4.00314310622,3.01371567911,2.19719493315,4.10135763878e-06,5.25815087738e-06,5.25815087738e-06,1.2169539432,5.27814180372,41.8113851699,6.23336261791
SDN_1990_1993,0.000842155244,0.00183911045825,0.0361673128573,0.0871856014238,0.008239640022,0.003414853968,3.33575e-09,3.33575e-09,3.33575e-09,0.0005161341495,0.00203824872925,0.000444229904,0.00515533386475
THA_1990_1993,11.282653841,0.87039197537,7.19957417403,0.363422988367,3.93201917708,0.0403750648328,5.51291878145,1.56670557307e-06,3.04082813175,0.210383602912,4.79732790019,135.198144528,0.0191276595048
TUR_1990_1993,6.86865203734,13.2784924705,205.0701549,4.78829670504,4.51741379555,2.57368472874,0.0462481526543,1.6263920204e-06,0.590013166042,2.3223244854,13.0540766582,6.43415454533,5.74526350551
TZA_1990_1993,0.974968638528,76.457473763,4.60424986693,23.1211293999,5.26887115569,0.0554060965318,0.26256533028,3.36622222048e-06,0.0270316891111,0.181012783825,3.21313860792,14.6548883766,1.06834465851
UKR_1990_1993,7.98166515806,0.487426606403,131.118449791,25.0842061147,19.965799217,2.31055423921,17.1534325654,1.75473580255e-06,0.924127211613,5.6442902911,12.4496942475,1.40421027933,0.579032331011
URY_1990_1993,7.96961086346,14.3149938412,94.3037862913,1.272443897,46.947969897,3.07538541224,5.70466268223,2.86299880006e-05,0.891931086578,1.2701326337,6.23809491734,8.42781274477,13.5638689648
USA_1990_1993,36.9076633472,11.7412184531,87.0768517954,5.98789433797,30.2006101847,11.4372484516,23.1953741782,0.0,0.0,2.14722593874,36.8114636352,11.7256240772,0.607880256267
VNM_1990_1993,2.11997760313,6.39038619306,4.43106429367,8.9546139451e-06,1.67326698542,0.00330512326166,8.49333985963,1.2792305778e-06,0.401520244897,0.0402945298212,2.34285272856,151.236911902,0.0312734325409
ZAF_1990_1993,12.4718427837,97.5113776045,56.0186742446,5.51297209115,13.0398335293,0.999220919504,2.53023772888,2.35855646438e-06,0.118813262182,0.408173167649,8.80635317338,8.16406524489,3.93209803528
ZMB_1990_1993,2.28122858621,131.889513263,10.3738440759,3.64907688813,3.15917274183,0.119502191792,0.875091742136,1.06358485106e-05,0.793934180009,0.0492669969834,1.61870119088,1.03646828466,0.207989924118
ARG_1993_1996,19.0632842695,28.7653613392,115.834754319,12.3957436944,46.8318633018,10.6157974767,4.89298621016,34.9959559484,0.287653613392,1.24082057618,17.0504622218,5.10948636784,2.056043369
AUS_1993_1996,23.7116847741,3.77191429951,89.8706203985,10.1811206497,26.0561397042,8.73693059869,15.1079011122,49.0794934054,0.0,4.29293877396,19.8739957042,10.7971566298,16.3549774701
BGD_1993_1996,0.774204219124,0.0668956564519,19.0837562257,0.523524380577,0.902004368712,0.00893929195175,5.99358217475e-07,7.68407979659e-07,7.68407979659e-07,0.140763740369,4.35905570107,144.79663279,0.787249211271
BRA_1993_1996,17.3702345849,23.6338085787,50.0598524531,1.65997540325,22.1545098983,2.35544087291,6.53774926818,48.4069090145,3.50694634814e-05,0.433719014313,18.5309437465,47.9796594329,0.639818724908
CAN_1993_1996,27.4592576437,54.5651715457,86.071425908,18.9541565594,22.9907073358,9.94219359428,21.5225605909,43.5557469574,15.2780129252,2.84612858486,49.9953600939,7.44843890037,0.713236365387
CHL_1993_1996,17.8787646648,5.648998937,130.135460872,2.61205773509,15.2225881277,3.57223663806,9.04048431604,6.38958917378e-06,6.38958917378e-06,0.688308889468,11.061154069,10.0007900894,0.78232987563
CHN_1993_1996,5.70205896366,4.27791585709,76.5638798152,5.59447853322,1.68821779299,0.153683361455,19.5516638548,5.04392859009,4.69225588697,0.0618904077101,6.81984503491,87.2586828906,1.15307812936
COL_1993_1996,12.0129210426,29.9929982016,26.3780851412,1.49529731313,12.6331105627,1.38638579314,2.85303887229,2.42492399713e-06,0.213879363729,0.399491093929,13.6387208144,27.5840292644,0.308328526004
DZA_1993_1996,6.28026519184,3.58426224163,187.22847194,15.5525629228,3.21141101309,0.346172454731,0.0818091181842,3.14650458051e-06,3.14650458051e-06,0.888384458302,12.8516302848,1.79497947123,5.58877875531
EGY_1993_1996,5.39791743546,43.9984873849,173.704996403,3.70991868084,6.2353336503,5.57664557635,0.0378484405744,1.45570926904e-06,0.0746376690442,2.16589157355,11.0864204438,33.8695641153,1.23365209079
ETH_1993_1996,0.563580326491,32.8283630095,25.2212966354,60.4976851527,2.98904613754,0.0621839901933,0.0138760307659,1.60108049077e-06,0.191634917728,0.199363036555,1.46212199562,0.184718714792,0.947387910432
EUN_1993_1996,15.919562716,9.86335338982,111.722917716,9.38738155314,12.6773643895,16.63683655,32.6716798534,34.8641742761,0.0,3.66522796581,21.2467880026,4.4720623735,2.75939904908
GHA_1993_1996,1.00805704707,47.2355731011,10.8409749506,22.9206880562,1.44506356236,0.00692841742806,0.576095513049,5.44438320299e-06,5.44438320299e-06,0.00666061533215,7.67278133779,14.0307854201,0.59838728912
HTI_1993_1996,1.18462295724,0.0243282565108,0.0313934083745,0.0090372004605,2.50894720571,4.109774625e-05,2.28546619874,0.0131878786288,1.16215e-08,5.94227e-06,0.0092787661275,0.026922404509,0.795315814288
IDN_1993_1996,3.75519673412,25.5545400999,16.4436342976,0.0453940924399,1.41607480941,0.0283775479822,2.45457678844,4.60673531911e-07,5.87681809311,0.0522000209236,15.2678727735,151.393175617,0.458682554076
IND_1993_1996,0.585596887354,6.60192928282,54.6577486494,19.2225198076,1.51793888306,4.03762359833e-05,0.391042678307,9.46001390934e-08,0.445451941986,1.36249038694,6.60742477076,76.4465752212,0.593283952812
IRN_1993_1996,9.55541149317,0.56150418884,170.026919837,0.441771263249,3.89478607026,3.74587522183,1.17058160989e-06,1.50074567038e-06,0.192289525595,2.08112165628,11.0166375993,32.9665104956,5.7469416704
ISR_1993_1996,40.9146605323,0.00162058448675,0.125176729308,0.00536139557875,12.6566979867,0.0169638692175,1.44962240556,1.71915e-08,1.71915e-08,0.001207385224,0.0186158460115,0.0144529023195,1.30062397908
JPN_1993_1996,12.324797419,16.6583903769,42.3718498116,2.71604330969,8.03876971911,1.47035137456,13.3502619069,19.8186909646,6.96878813832,0.739851898416,16.0106213922,68.2236500676,0.586136169481
KAZ_1993_1996,4.20113461661,5.62153454365e-06,142.033746809,13.9588627727,24.2379193773,1.04277652057,6.89518784947,5.62153460611e-06,0.144852378871,2.55902135695,4.06224162762,9.66555507852,11.7886280386
KOR_1993_1996,8.42028644549,1.48458885945,44.3771668179,5.25635096704,6.10557966954,0.487079810997,14.4243491977,23.7443243093,8.75117291701,0.079661207213,12.3479804938,108.347206648,0.246422918157
MEX_1993_1996,12.1728608834,155.939404144,37.0584590806,5.15804130812,8.97761146752,2.11325580123,7.69115322413,35.8317389331,0.0,0.218039114605,15.5467667552,6.05951103606,0.531661222524
MOZ_1993_1996,1.74759054357,52.2507353817,9.0590022216,12.9564954668,0.673432944787,0.0203620970012,0.600317367924,5.77228244802e-06,5.77228244802e-06,0.072158902096,5.01028975761,8.32894343724,0.998635029339
MYS_1993_1996,29.4447987877,1.85570937576,39.4424860951,0.0247681394259,3.36768249917,0.131182919194,10.6905758574,4.39952681743e-06,4.39952681743e-06,0.46152583787,13.175608144,85.2407127335,0.502871334718
NGA_1993_1996,1.38077307564,48.1797939751,9.75430733047,87.458536575,1.72580703473,0.0688290231161,0.927422594356,8.40818605476e-07,0.923757683804,0.0964949696692,10.1007561557,18.4444576949,1.73606693184
NZL_1993_1996,19.7429730396,6.58727301296,22.9989637283,22.8835480176,25.6129931355,12.5736871749,12.3952112082,54.903503556,4.93965175257e-05,8.60234969704,12.8221284279,5.68056384116,26.3078527174
PAK_1993_1996,2.25138573937,7.32770174145,133.398345752,2.04327736852,4.54126185085,0.0013761949042,5.80092566869e-07,7.43708427326e-07,0.0040858620573,3.34865246029,13.2210939055,16.8599501523,4.28013544119
PER_1993_1996,12.6710127376,9.96103860337,51.4685040577,5.02015980015,3.34966047921,0.320229660968,2.59434786832,3.77966572556e-06,0.0102391492764,0.141940089867,6.4958230603,41.1233854563,0.979365461153
PHL_1993_1996,5.22202578218,16.0103689135,28.0761725223,9.13096265214e-06,2.00091196996,0.195937999803,9.42166566279,1.30442325051e-06,0.0249778627838,0.156830293546,4.83958680555,96.3738566165,0.382403815977
PRY_1993_1996,5.63878000471,41.4012088108,44.5750743702,1.38145814603,29.3464228332,0.132079158838,20.7876831815,1.91368301604e-05,13.9135562098,0.0029151370711,18.5845941471,13.1198882071,0.561347011801
RUS_1993_1996,9.31999878962,2.61262316532,106.030773754,34.4015208082,16.8934955056,2.07783491119,13.0154987426,25.6614071948,0.0,4.43301859091,7.53742966586,3.4816226071,1.80856369467
SAU_1993_1996,23.5587912574,0.268864493147,75.8915323524,3.78829326688,2.52008170042,2.09846171105,3.77485748378e-06,4.83956093042e-06,4.83956093042e-06,1.02714552432,7.38300444618,37.916498434,6.99136396999
SDN_1993_1996,0.000841896486,0.001408199257,0.0348152862177,0.0935634868975,0.0073553762765,0.0044955530315,3.0355e-09,3.0355e-09,3.0355e-09,0.00049911719625,0.0022256521965,0.00068309698625,0.00703986986075
THA_1993_1996,12.5292250722,0.951978950619,7.7757097057,0.528288731377,3.83917422596,0.0278761185098,6.41069260641,1.52490597151e-06,3.8514461621,0.202388600704,7.14647828107,125.11877557,0.0149101915558
TUR_1993_1996,7.06211132554,13.2593407524,204.69497634,4.24995891627,3.85323530033,2.431422942,0.0369195630355,1.55026732598e-06,0.44093804777,2.25493167974,18.2735834096,6.73549685586,5.51834761526
TZA_1993_1996,1.00244357103,69.3352230506,3.72760095802,23.8225774718,5.13505355872,0.0583348378238,0.251516879758,3.05962938962e-06,0.0333159647429,0.167515983602,4.44783360572,13.7954131048,1.06828082367
UKR_1993_1996,5.06939926441,0.491243397018,127.213311592,26.949031496,14.5080060232,1.73848225121,13.2515147424,1.76847624892e-06,0.283313712181,3.88690779763,7.80598442805,1.78786129834,0.618098285942
URY_1993_1996,10.1295600198,17.3155453131,97.0051347739,1.167995572,51.8473251608,3.54654974845,6.13011175029,2.80117143289e-05,1.1804347488,1.24753064455,9.81277299859,9.82561304669,13.6303879149
USA_1993_1996,39.0062064967,14.9327163313,89.8554120882,4.87258649807,30.4992637058,12.1151496466,23.3177917179,15.3011849238,0.0,2.15420406776,36.8114636352,12.1570079625,0.530788354155
VNM_1993_1996,2.09473782776,6.37978827217,5.02292978558,8.45783655325e-06,1.64893510405,0.0109932377268,10.0674969567,1.20826237817e-06,0.548210582861,0.0743268423094,2.5310226312,157.410699859,0.0441289304667
ZAF_1993_1996,13.909419375,96.9243041094,55.1493522602,4.91992026989,10.3334217236,0.964230387765,2.4650727808,2.1988286671e-06,0.156138987198,0.305207425903,15.1272224078,9.47511693303,3.6678005832
ZMB_1993_1996,2.45353136726,119.13180493,10.7932592359,7.55472669431,3.12551692452,0.116742500244,0.853912053806,9.85283149954e-06,1.31426462487,0.0418369893241,2.34169723265,1.21369910905,0.263999501044
ARG_1996_1999,21.3222057581,28.4368070536,116.066407447,15.4261409172,43.9010689284,11.3187788044,5.28843459469,36.6199797141,0.277546425927,1.25772346623,26.0956347257,5.94251531371,1.53484495591
AUS_1996_1999,25.972990147,3.7344145386,83.181656026,12.928969895,27.642694199,9.82695446745,14.8525646998,50.9705568583,0.0,4.15484778386,20.147846278,14.200723893,15.0452557036
BGD_1996_1999,0.818516041764,0.0790819032406,19.1226517953,0.490798025289,0.92895725662,0.00911715352132,5.62489936828e-07,7.21140952664e-07,7.21140952664e-07,0.14529858563,5.52654866181,145.321281468,0.891270590482
BRA_1996_1999,21.6793993872,20.2190245472,50.9962546155,1.73535035468,24.0555475113,2.58312800502,7.22067904401,51.8255630577,9.11345849149e-05,0.467860701682,18.5309437465,47.563835301,0.471180165913
CAN_1996_1999,28.5177109514,53.0725727137,91.0865356454,18.7469248746,23.2357101165,10.6039954992,21.6036852287,41.0885029848,15.3455289446,2.79728712838,36.2437800862,8.19761298116,0.699994318376
CHL_1996_1999,20.8814820689,11.2100209609,119.442726621,2.36622556302,16.5420947304,3.81447604103,11.1365037563,6.12804983481e-06,6.12804983481e-06,0.742702403621,12.9659675616,10.1920139831,0.748379211867
CHN_1996_1999,7.22200149562,4.99399447089,75.154290154,5.17575730441,2.45269381794,0.147042149938,22.5367728449,5.61399594092,4.80667178486,0.0629860388165,8.56339616179,84.9517830598,1.54909330396
COL_1996_1999,11.3134117737,32.6675324115,26.6423099474,1.53454047972,13.3943556911,1.32141029659,2.18750430522,2.31209298242e-06,0.142440143493,0.447404682264,14.8612571157,33.0697411826,0.276978358321
DZA_1996_1999,6.71360813244,3.57042344899,189.538720755,15.7543738196,2.95225374576,0.543036721673,0.0777608214679,2.99080085892e-06,2.99080085892e-06,0.380736059702,12.2564072865,1.76124399528,5.33893091259
EGY_1996_1999,7.02420385128,44.5081666,177.399575221,3.69959227049,6.83895237825,6.5365611067,0.050613618762,1.37782899605e-06,0.0413665305103,2.13399592853,12.0513216131,35.7295034308,1.21660021682
ETH_1996_1999,0.520039733416,40.1397898153,27.6968599292,68.4546751968,3.11774378798,0.0616687696959,0.012633714701,1.45773632785e-06,0.188289995814,0.201175082441,1.00258927435,0.174432084448,0.862017338084
EUN_1996_1999,17.396216802,9.86335338982,111.722917716,9.38738155314,12.6773643895,16.63683655,33.3435780017,34.8641742761,0.0,3.66522796581,21.2467880026,4.4720623735,2.69155093252
GHA_1996_1999,1.3067960041,47.3561869054,12.3069128576,22.5920365875,0.994599069953,0.00642058559848,0.64837633235,5.06719844415e-06,5.06719844415e-06,0.0236590558016,7.91638774425,14.4409385126,0.667739232707
HTI_1996_1999,2.8020177485,0.0235374694875,0.0301513576268,0.0100832228643,2.58632491923,6.940563625e-05,2.66634802216,0.0105267240955,1.100025e-08,6.684467e-06,0.00840308849575,0.030597667507,0.562974445439
IDN_1996_1999,3.34228680595,26.167257903,16.5983669861,0.19121858971,1.4008341107,0.0288409398098,2.300116493,4.40651903867e-07,6.58878703251,0.0430552605826,15.0306865484,152.862735927,0.397092100488
IND_1996_1999,0.626583606392,5.86149888673,55.7733530239,17.8152911669,1.43110322929,0.000102756318156,0.37842305293,8.94015515261e-08,0.46441849639,1.6236848027,8.43973109883,76.251538919,0.58904671497
IRN_1996_1999,10.1637803643,0.988677334678,169.982593492,0.428533665179,4.14018219498,3.16459914885,1.11418752946e-06,1.42844556647e-06,0.151302972719,2.26204351594,13.9414388538,32.2133292989,5.81408079259
ISR_1996_1999,40.6162023207,0.0020111526475,0.124566517802,0.00845841744,13.8060613547,0.0167349921488,1.47491427957,1.58205e-08,1.58205e-08,0.00133309073575,0.0182094719165,0.0142569571535,1.15933965679
JPN_1996_1999,12.2934568092,16.9706796179,42.0449784354,2.88437110474,8.21923095949,1.69501699423,13.1464190968,18.2160728656,6.86450845791,0.69220395803,16.5702695797,66.6788851951,0.433116452599
KAZ_1996_1999,2.96066294335,5.85809555011e-06,146.318515327,4.38835494006,16.9237098063,0.488260182512,4.74378103026,5.8580956152e-06,0.111855298417,0.697772705675,5.23578868113,8.25450370995,7.55252603499
KOR_1996_1999,8.75873352777,1.65515561119,46.8700022636,6.76772732106,7.45180676179,0.764128008268,15.9464719409,22.6736067028,9.24285586028,0.0774244478972,12.8169822368,102.300994512,0.174014769074
MEX_1996_1999,15.0744444613,150.343599696,40.1742679273,5.47749029077,10.1311905016,2.07511992083,7.93814033597,37.8027074065,0.0,0.661149960933,15.7413757173,7.32405791294,0.49638614641
MOZ_1996_1999,1.73810493872,54.564077111,12.2789397285,17.2864311378,0.595108016217,0.0271638307193,0.548049949778,5.26971111411e-06,5.26971111411e-06,0.0456446060346,5.37886193063,11.6838250744,1.14388625975
MYS_1996_1999,29.1865441583,1.80110621988,39.1696700641,2.85526222587e-05,3.57031671736,0.150653963508,8.87494635745,4.07894608228e-06,4.07894608228e-06,0.401740291577,17.7469780776,82.2891308069,0.55862205307
NGA_1996_1999,1.30977708738,38.7268978609,12.8575004939,87.7197369335,1.77824371233,0.0610038452162,0.985891852803,7.8012295982e-07,1.56424105065,0.0845015857249,10.1042144969,20.7893682984,2.11095843931
NZL_1996_1999,22.079107019,4.84512746455,26.9229730097,19.4098055375,24.8471642799,13.6097869174,12.5669919284,54.903503556,4.77805854196e-05,8.33505823443,12.6725087507,7.02495515996,22.6170367974
PAK_1996_1999,2.29376066739,7.57135430061,132.449627594,1.91251689746,4.3655201998,0.00202148018203,5.38618867033e-07,6.90537016689e-07,0.00585684117607,3.50297958519,13.939785074,16.7091714018,2.98284577795
PER_1996_1999,15.9119453078,12.8449110575,51.7884169286,5.85229078212,3.62248952749,0.32025080637,2.41379497357,3.59994099844e-06,0.0144821424684,0.199049310779,8.19851881967,45.5920008943,1.06277369466
PHL_1996_1999,6.13594452108,17.8222810969,26.6392775997,8.53529377089e-06,2.71592628557,0.205220269182,11.8697159673,1.2193276951e-06,0.0116000203709,0.149717083332,5.6662112405,95.9491661616,0.372279975022
PRY_1996_1999,6.63399602435,44.6656080402,41.7146205232,0.000125214080701,28.3202873338,0.183507787623,18.4023075963,1.78877260132e-05,14.0186258665,0.010266709987,21.6049562668,12.9595887962,0.524706623891
RUS_1996_1999,8.52048902844,2.28766598211,107.601110471,33.6840118005,14.0841492428,1.7998901285,11.486807045,32.5594261949,0.0,2.87562059217,10.1573718166,4.38098433903,1.18208243813
SAU_1996_1999,28.957728627,0.273671709081,77.6393820599,3.8363341898,2.39152907552,3.09045106514,3.50092339344e-06,4.4883633748e-06,4.4883633748e-06,1.34970786216,8.046061876,37.5954491549,6.42594977744
SDN_1996_1999,0.00079539039925,0.0019492698815,0.0350049365003,0.0940603987332,0.00771683894575,0.00383099258675,2.7785e-09,2.7785e-09,2.7785e-09,0.00049054755425,0.0029993658435,0.0009170182,0.007572455222
THA_1996_1999,12.2700014687,1.12803265856,9.42351947431,0.633447962965,3.13445256701,0.0315241805222,6.25770877001,1.47777965598e-06,2.67489683431,0.171723858574,8.06584713918,117.443957995,0.0144494009202
TUR_1996_1999,7.22926797996,13.4279301751,205.794037768,4.1857071911,4.10201702792,2.17456142361,0.031744721424,1.4789727079e-06,0.275681268231,2.06675385258,19.8486137033,6.99968782501,5.35052641539
TZA_1996_1999,1.02503543004,68.4534847392,7.2626097882,23.7039359092,4.3831728335,0.0617195480019,0.268449121195,2.82072309661e-06,0.0270175746773,0.160148683704,5.16920432288,15.8160437199,1.04753656442
UKR_1996_1999,4.83143901629,0.501455744513,126.616366047,28.1327996832,10.2027482227,1.20500965307,10.9556257952,1.80524070031e-06,0.241833269959,2.25873864476,6.13381715999,2.14831331731,0.414088844443
URY_1996_1999,12.7976152258,27.7394400677,101.907498763,1.14255605212,50.1503025836,2.81462631745,7.00905420675,2.74393251253e-05,1.71698749026,0.979881081821,7.13429960083,10.3034862455,11.5448814828
USA_1996_1999,40.579484267,16.7138591713,90.2778943886,3.73183223362,30.7199745791,12.6891437391,22.8180286842,30.7398889,0.0,1.98074273516,36.8114636352,12.6758255934,0.503162505672
VNM_1996_1999,3.12418366738,4.75018604988,5.80432521434,8.08642380497e-06,1.52956069423,0.010823409484,11.3674632407,1.15520341355e-06,0.513898069625,0.0651423456977,3.20705278148,164.202939327,0.0564766107014
ZAF_1996_1999,15.3420301657,96.6880518833,54.8930686168,4.78494834195,9.56202539169,0.923262476291,2.35538472643,2.08216471121e-06,0.342380758485,0.300727980579,15.6165664624,10.7347670685,3.44837566281
ZMB_1996_1999,2.75137478759,98.7647750914,11.1399811573,7.96098448168,2.96789234722,0.0833946308698,0.807326612521,9.09705783865e-06,0.901695770844,0.0308207730714,2.47788525949,1.29466718524,0.310111519052
ARG_1999_2002,19.2276705669,29.5215808565,114.775990718,13.3745542608,43.6571104831,10.3363717638,5.3136609909,37.334569709,0.957620782579,1.07285825725,14.225460856,5.87560058955,1.36945613129
AUS_1999_2002,29.3415018252,3.67019348699,82.5199615436,13.4199259003,25.9623636013,11.1775069536,15.3616323789,50.8123821146,0.0,3.52256280357,19.0486520708,14.5765483161,15.0028557943
BGD_1999_2002,0.748979405414,0.601484699061,21.7259107008,0.256238212973,0.937773681329,0.00890626761262,5.30014702883e-07,2.35286638865,6.79506036887e-07,0.142759587676,6.19892015419,150.831186634,0.888162220169
BRA_1999_2002,26.7805326156,20.6122357034,51.0332535873,2.06151242062,24.0861337998,2.61937753542,9.85762302043,53.2524917491,0.0,0.449615011243,18.0171489087,45.1122009392,0.380028688685
CAN_1999_2002,31.4891600673,51.7011587017,94.0450374044,16.027600134,22.9466674589,10.847018153,22.6672747276,39.1338618863,18.3412612925,2.82131473363,31.2833806566,7.9200948511,0.851316158162
CHL_1999_2002,23.4989571136,14.5669087667,120.863225874,2.19620305633,15.1158444033,3.70759701167,13.0755482261,20.3871326166,5.89755407702e-06,0.77368315603,13.6469254833,10.3735313174,0.678188173997
CHN_1999_2002,8.21760531113,5.29955350199,72.0502153868,4.70831308599,2.96757615369,0.164869915238,25.0968490932,7.21229408393,5.08326559818,0.0679228795862,11.1955826276,81.7024931605,1.97173318875
COL_1999_2002,12.8305739151,36.5593268251,26.6532381362,1.56666635659,12.1950012009,1.25698885549,2.10431230918,16.4311466827,0.0862265254965,0.460398466936,16.6560125648,36.4236990807,0.275808197092
DZA_1999_2002,6.80006496637,3.60062083229,195.701536732,15.69316303,3.02355845175,0.644032279516,0.0745790541343,15.2382062945,2.86842519088e-06,0.359708966854,12.8737167615,2.13277788843,5.03430867032
EGY_1999_2002,7.89367682145,44.6109617851,178.706423164,3.6600082396,6.52057661498,7.10355342837,0.0339326597747,16.8995547178,0.0304961719587,2.17873233123,14.25555656,40.101484745,1.01139718395
ETH_1999_2002,0.581530515785,40.3868093575,33.8458192985,58.3357882562,3.21351690077,0.0779866723315,0.0115771238228,1.54282416345,0.181820213884,0.236020221491,0.637760505946,0.256040633393,0.869084141328
EUN_1999_2002,18.8012937772,9.84461044254,111.234140241,9.5437275581,12.4748001677,16.63683655,33.2573595058,35.8098131676,0.0,3.66522796581,21.7623483621,4.49935269346,2.59477091356
GHA_1999_2002,1.77257301627,43.8597891369,13.5867131068,18.4973975557,0.983061722902,0.0107156200425,0.532545910767,4.02393932458,4.72230167639e-06,0.0774858009313,8.93795653274,24.9314313184,0.908963794327
HTI_1999_2002,3.17150668682,0.0196453909413,0.0274886665705,0.00911587890775,3.10151462755,8.718756025e-05,3.04946920827,0.0166830174365,1.044425e-08,1.0257092e-05,0.00831672932725,0.0382227039318,0.688669264463
IDN_1999_2002,3.80851277333,26.0786169057,16.3631094464,0.196045335125,1.34257792655,0.0333520578815,1.7511975318,8.26441228845,4.09360173689,0.0524222163719,13.495845194,140.454404274,0.389375193713
IND_1999_2002,0.786041041324,6.12781007644,59.4933267125,15.2770169696,1.31229044378,0.00021448829653,0.34235342442,8.1201378745,0.420519009501,2.06116528732,9.00184923924,73.2770785459,0.575553162218
IRN_1999_2002,11.4277414236,1.05633099191,167.08514419,0.407441954023,3.33587904549,3.28211666582,1.05934908046e-06,14.816469569,0.155936357749,2.47046789741,16.8140262036,31.2464962211,5.73608504544
ISR_1999_2002,56.6330552283,0.002877028436,0.13044092019,0.0100380521065,15.7447821532,0.016533715052,1.79324382405,0.030838019063,1.4837e-08,0.0011179019665,0.014574992562,0.0133358664472,1.23303932885
JPN_1999_2002,12.1392894541,16.5621381339,40.8581735397,3.13444334513,7.84603675986,1.86214823008,13.7368983764,17.5281948782,6.13452161439,0.694540830609,17.2801810698,64.634474488,0.322563169503
KAZ_1999_2002,3.61065897025,6.00301208916e-06,152.076306259,4.05210791714,14.4599881154,0.71113330243,8.02857085154,14.3548017648,0.179808244506,0.757551145464,10.5536727656,8.37140210668,5.76660182192
KOR_1999_2002,10.3155948133,1.76367592094,47.632232016,6.14612690697,8.20605378358,1.0024366302,17.0743380934,24.1902975425,8.9614854679,0.104933650494,15.3920170453,93.1898832665,0.113835618552
MEX_1999_2002,18.3979625574,148.851029394,41.4886606898,5.75512593668,10.7188532828,2.50902638878,8.90477647279,42.1932846852,0.0,1.15919270445,16.2360315553,8.59268865427,0.682010106173
MOZ_1999_2002,1.70562718267,53.0842874167,13.4437931481,15.4773593186,0.491192414376,0.022779270082,3.82797807709,2.69916494275,4.85794700935e-06,0.0365471799262,4.69308225501,14.5498730263,1.18682744828
MYS_1999_2002,29.0521773694,1.71201648627,39.0537886529,0.169016378989,3.97379293986,0.212309160187,6.22088413029,23.1099854642,3.80593432014e-06,0.395819124443,23.1290504877,75.5747455921,0.557596642242
NGA_1999_2002,1.32132716319,30.9102210966,16.7281952999,67.0240323681,1.76172527562,0.0607803586276,1.08207058072,4.68401513724,1.78856898655,0.0907268048803,10.1582041277,23.1995173098,2.44838004428
NZL_1999_2002,25.7336054194,5.05954613224,47.1192251683,15.9100190422,21.2623128356,10.7078077362,13.0725748773,55.1834443422,2.3451218886e-05,8.08167022484,16.8750370499,7.97929509395,23.9763810159
PAK_1999_2002,2.11772315437,7.17188852506,127.297305411,2.10750165714,4.48695928611,0.0027611230112,5.02656543888e-07,11.6351005861,0.00579986658892,3.58713387258,14.9977158334,15.0783469263,2.97359432716
PER_1999_2002,18.9773475889,16.9360714965,54.3755465135,6.25115718632,3.85805039393,0.391865918471,2.36578285275,17.0436054838,0.010353242546,0.212380872026,10.2541286761,49.3780383634,1.27365163435
PHL_1999_2002,6.74974459925,16.3337900233,25.8062019556,0.0092317941315,3.21931264127,0.201721921997,12.6990282979,11.8754603468,0.0124468397674,0.12381724159,5.3743322186,97.5544448057,0.379889379248
PRY_1999_2002,6.25399623368,47.6075251488,45.6154573713,8.86703752237e-05,26.3079221442,0.234480860556,16.1741831924,9.43546800372,19.7074629532,0.00381826920411,21.4504070053,12.8102289857,0.493347489075
RUS_1999_2002,10.4539830079,2.05155402866,109.183283313,33.3871128649,11.392983392,2.29463563195,10.5779600501,38.9005308965,0.0,2.516694683,14.0362200135,4.92678435456,0.843103317008
SAU_1999_2002,34.8974162157,0.276473782946,83.3538044296,3.93584664577,2.25332080358,3.05993448863,0.0706202342882,14.8037099336,4.14710679027e-06,1.30378309593,9.03482582597,38.7821105778,5.93856447917
SDN_1999_2002,0.00075130438325,0.00265958501325,0.0357857284542,0.093326396407,0.0085626853605,0.004238902101,2.55275e-09,0.006708806409,2.55275e-09,0.000475273023,0.00264321292175,0.0014158871635,0.007327834335
THA_1999_2002,11.380354337,1.24832701866,11.1059587418,0.978246588885,2.55302802254,0.045073207767,8.00624395593,14.5031742077,1.73295892293,0.199383663659,8.117522609,112.363871529,0.0139584002596
TUR_1999_2002,8.84736993513,13.5969217626,206.749654565,4.13600357876,3.77998345014,1.93894035117,0.0278038042667,12.8319931329,0.359175953322,1.81701319492,19.0261033843,7.70094844812,4.91489412071
TZA_1999_2002,1.10400132992,66.3651980448,10.9479766046,23.6720169949,4.64785091169,0.0642647815409,0.288535413261,2.44093500771,0.0247578641541,0.160288327622,6.11681235952,17.6126021449,1.02785120958
UKR_1999_2002,5.38278592674,0.515131735287,126.699305003,29.3488835616,8.62427802403,1.65018160871,10.1257652513,20.6897822388,0.727219725957,2.22245742321,7.3944103186,2.44009112503,0.308090794592
URY_1999_2002,14.3755810125,29.1291254334,94.4711521081,1.20433193008,46.6920370042,5.8755165043,7.51613815579,16.0032702978,1.73342825763,1.16825441396,8.85123919969,9.47092052309,9.274791984
USA_1999_2002,43.4472569315,16.7127664713,89.1521092234,3.22365868431,30.9423560645,13.5897782416,23.4160785039,30.1566367284,0.0,2.05581638517,37.2079266214,13.2251395164,0.512876407791
VNM_1999_2002,4.10236304097,4.90330021859,8.91824641024,0.00623361775583,1.64782043216,0.0140687204429,13.7353460388,5.4243180728,0.827291811168,0.0698211234715,3.4950838357,174.593779657,0.0545427372998
ZAF_1999_2002,17.8150313755,95.5495526601,54.9153575561,4.76830639172,9.50122910141,0.822717108125,2.09218427115,14.3773457849,0.35831634856,0.231888264186,16.4382258367,12.2434876703,3.60676557993
ZMB_1999_2002,2.95289135265,81.1090112617,11.432661146,6.56941563473,3.04612737391,0.0903280297246,0.747315429742,4.61671717596,0.470494711438,0.0305125758358,2.14973805939,1.69615261225,0.409047924764
ARG_2002_2005,20.1846804308,24.0428923809,115.787182462,11.8279390537,42.0124790674,10.03689618,4.34284668445,39.5801594261,1.97232245536,0.823355231674,24.0634446553,7.27865069006,1.27152323533
AUS_2002_2005,32.1781689276,3.66045587305,83.4270379082,12.7404522051,26.638952308,11.0303922948,17.4250895524,49.4786234367,0.0,3.60873153268,19.7561211012,11.7518097267,12.410057804
BGD_2002_2005,0.855817698895,1.62463664084,21.4471385408,0.183292061451,0.927411116933,0.00783815453356,5.02844455773e-07,5.76049684404,0.0336229689524,0.151290095716,7.23010301849,152.210705228,0.985101080968
BRA_2002_2005,29.3746682625,20.8270141057,50.8598274428,2.62017158655,24.4082544817,2.56550469964,9.28985971557,55.6284231429,0.0,0.410508379912,19.4173342146,45.5644665986,0.360651977415
CAN_2002_2005,32.853691519,50.2910495796,93.0805436022,13.158715168,22.6197377574,11.0020811817,20.1628109182,37.5074555212,15.3565773924,2.90361519246,28.7768697797,9.29920209469,0.954912996555
CHL_2002_2005,24.8084313986,15.8757998208,119.185807657,2.00690306765,15.6788693826,3.83764223325,13.7793427048,39.7146562715,5.68964783611e-06,0.89197966876,19.0924241813,11.4634468259,0.556806477823
CHN_2002_2005,8.53980501294,5.73205549866,69.3090646717,4.15788026091,3.0181794785,0.195142293434,26.1085846411,8.50865776229,5.86854731138,0.0811093068988,15.0087746695,79.1022850716,2.22644427993
COL_2002_2005,15.1197738841,40.4383956647,27.4656850168,1.55501258852,11.5434701259,1.2453131997,2.31017147909,34.1013250737,0.149665292441,0.450538909727,16.2556209783,35.2908630303,0.300214624827
DZA_2002_2005,7.05273043954,3.65483326459,202.753634818,16.0414286891,4.07938250707,0.764005750894,0.071755676288,32.3628634836,2.75983373405e-06,0.470074585214,15.9216321775,1.91091970214,5.13650564425
EGY_2002_2005,7.96602273469,44.5992224025,181.396618114,3.67820325926,6.64370836167,8.27109682006,0.0241513573816,33.8105243909,0.0210730335682,2.10022170502,15.2748398724,41.1991742865,0.893016264732
ETH_2002_2005,0.582901205855,36.5628675157,36.0525347603,63.5596114549,3.28044277877,0.0803535858941,0.0184798059379,3.42348765548,0.166867299408,0.188126434625,0.568763287089,0.387550174001,1.12215012244
EUN_2002_2005,19.6361594538,9.71160415656,110.349324269,9.16111905566,12.4140897332,16.6912599764,33.1047844047,38.3369170139,0.0,3.64291202319,24.0838611839,4.70314830925,2.49937607991
GHA_2002_2005,2.95916249288,43.0345153207,13.9959835666,18.131375658,0.88551195933,0.0116363536041,0.485214503265,8.73521100661,4.37666872016e-06,0.114843754154,11.3232406844,29.9933904069,0.98425914548
HTI_2002_2005,3.23567211074,0.0193012100365,0.0292829007873,0.008618989394,3.3068546024,4.90525625e-05,3.31982563934,0.0254303871315,9.9495e-09,3.980568e-06,0.011244750412,0.040522737546,0.680990097015
IDN_2002_2005,4.56715667876,27.0566820905,17.3666856813,0.192396150227,1.38662233095,0.0394793768697,1.74753198972,17.3074295056,2.88264800049,0.0583208006668,14.9332403064,133.955373432,0.509258552119
IND_2002_2005,1.01251102545,6.83370199343,59.2233987656,15.4276256903,1.16665447878,0.00261121346101,0.315511692064,15.9389479059,0.48099363379,2.37372018685,9.11711364354,69.7976554675,0.551959139607
IRN_2002_2005,14.2485726392,1.06271133727,166.653462291,0.391850270207,3.72675624693,3.58502108972,1.01881070253e-06,30.1339283849,0.187652137755,2.9666040827,19.1307718154,33.1636317164,5.53681944041
ISR_2002_2005,62.6016774562,0.00335023153875,0.133524090164,0.0121567482953,17.8724583086,0.0179940773587,2.12551762234,0.0633805668628,9.27619425e-05,0.000789845988,0.0115868687742,0.0134299035473,1.16567049508
JPN_2002_2005,11.6522508921,14.8534830569,40.3205188937,3.23567107754,6.90675483266,1.91405116573,14.7843473746,17.2520080303,6.17741220574,0.706319769234,17.9127616565,62.3591977921,0.31067409621
KAZ_2002_2005,6.60213688721,5.91237070183e-06,149.132881894,3.27169649111,15.34504215,1.1650860288,10.2827009246,29.0026664684,1.25856748885,1.32880672337,14.4939528989,8.65146754437,5.88060354981
KOR_2002_2005,10.1697952059,1.79616123626,47.9482673339,4.72611186597,7.34141207188,1.28487217472,19.4828213683,27.1245869057,9.00172808773,0.160712423641,16.5654488578,84.5193299988,0.111675353149
MEX_2002_2005,21.6546281694,146.783286841,40.7341097477,6.59353728928,10.5754806536,2.58233032646,9.6468063466,44.3793318953,0.0,1.18845868122,16.9078011373,9.34560127322,0.809950438405
MOZ_2002_2005,1.46167251437,48.057133048,16.4382077909,15.7246523605,0.559925221721,0.0242947957464,4.24300646377,5.91269663616,4.4532304354e-06,0.021258370029,4.57102474436,17.6186558482,1.07752796157
MYS_2002_2005,31.8199732481,1.76286962563,38.7742747117,2.51104677105e-05,4.67079887062,0.246827421406,6.40553616905,48.0618576837,3.58720971278e-06,0.385042575518,24.8649635024,73.4062708248,0.516960088712
NGA_2002_2005,1.38409466113,30.4817929466,18.2692592368,43.7609217131,1.69686440324,0.0607736539928,1.0906560528,8.8725899813,1.95617160271,0.0966325824678,9.71067811261,22.9652883046,2.50391275374
NZL_2002_2005,31.4753858036,6.29985042927,57.191700688,13.3687016017,19.0153425959,10.7501122056,14.1619175406,54.5972918233,0.0,7.75727852899,28.9144450033,8.97545066384,19.9363940348
PAK_2002_2005,2.23538928818,7.28613136311,126.038928789,1.80815160393,4.54176304917,0.00424611124999,4.72060054031e-07,24.5879099272,0.00544685681359,3.71028700754,15.3114397607,13.4979754022,3.00431686345
PER_2002_2005,19.8740545795,18.628630024,55.7053965246,5.98137974461,3.92998384428,0.453563982056,2.79729212171,32.4432725952,0.00996292859784,0.163339132552,11.9315215787,50.4053389927,1.26599528667
PHL_2002_2005,7.24221875814,15.5270972274,22.4947238855,0.029457207677,3.20567687405,0.187271528006,13.0453814103,22.5283913314,0.0189428725405,0.127136298455,4.90747827987,104.619528135,0.359872843345
PRY_2002_2005,6.29852220725,50.3878799007,49.1703852855,0.0001114664989,18.0598238514,0.106875113161,18.6123722054,19.0133379015,20.5239691576,0.00288369685288,20.7420263474,11.065898437,0.543629444881
RUS_2002_2005,14.7453162175,0.983542074186,106.844455641,21.5462567896,12.228386014,3.71233930379,12.0083653969,44.6138782743,0.0,2.7520279947,16.3947125697,5.26217406694,0.832842824477
SAU_2002_2005,32.9414708411,0.253363779511,88.8505428553,3.77872495675,2.71807018818,3.08177068787,0.114572487267,31.3571608417,3.80045673489e-06,1.16879314734,11.1660744581,40.3246074331,5.42272152709
SDN_2002_2005,0.000799374418,0.00213527111275,0.037959271116,0.091443641022,0.0088041153915,0.00397932829125,2.34425e-09,0.0174194596622,2.34425e-09,0.0004511296745,0.00424397762325,0.001601123829,0.007417666109
THA_2002_2005,9.52130538551,1.30670430284,12.9073907583,1.54680108431,2.84911006201,0.0771673338757,10.0975888886,32.2853441591,1.4832753039,0.20754514298,8.79496588543,107.297892223,0.0235723501299
TUR_2002_2005,10.98025737,13.7180791316,207.865105035,4.06800671131,3.50718820804,1.88000889513,0.0351066904734,26.7153227629,0.347254788888,1.86249065285,21.0741314341,7.56771468391,4.2263779223
TZA_2002_2005,1.20318376778,64.8815268094,12.369992032,22.0282252418,4.92338600831,0.144261059752,0.291441568875,6.01125145657,0.0262084968664,0.30573312154,7.55611175338,18.4248713247,0.988266497969
UKR_2002_2005,9.73527816287,5.68899021985,122.546792671,30.8308096471,8.32964759686,2.94339915223,9.91465341986,44.8997977708,2.25739763647,2.14418970198,10.7169778305,3.3154853994,0.311422801624
URY_2002_2005,11.4438154318,29.3164397198,109.900968832,1.20272556137,40.4631671005,6.63810193521,6.44964843502,33.3005242677,1.61093493122,1.29849787686,15.3881713067,11.2952329169,5.75482006766
USA_2002_2005,46.0121373216,16.4863465783,85.0344751728,3.1950356942,30.4220218854,14.1150538768,23.3439069025,29.0423920671,0.0,2.06022525875,38.7849149563,12.7255766176,0.497293687591
VNM_2002_2005,4.5469634335,5.01539492149,11.0258263448,0.0119760210281,1.88384705986,0.0189981902478,18.0071175244,11.2398028216,1.16309137535,0.0920687212602,4.40170119703,175.761160893,0.0740001473426
ZAF_2002_2005,20.0466269968,93.5768792155,56.7395118398,4.75745594109,9.67526234764,0.827650132501,2.51009742683,29.733810693,0.37734499287,0.269751558465,17.4647527566,15.3989534264,3.20875378065
ZMB_2002_2005,2.90749380716,76.8302116748,11.8983559357,6.83689794574,3.52355969841,0.0917817816256,0.622721458754,8.53454608193,0.52947622014,0.0280424941504,1.72919772587,2.42491146516,0.549506586425
ARG_2005_2008,26.6093811852,25.7509963114,115.561215178,13.6671368138,45.1066519617,11.2739910619,5.64344604681,41.9281601903,2.51517507145,0.800169937062,22.7074813949,7.90714559945,1.14532596193
AUS_2005_2008,34.1256373186,3.58133908657,89.2621546267,12.1708076939,25.3462782639,11.1089737292,18.8853332228,48.8252948208,0.0,3.78478752752,19.9124688573,9.59218896467,11.9452384737
BGD_2005_2008,1.06990366673,3.335788341,20.1198341402,0.103166243168,0.91437282261,0.00749135009786,4.82054833441e-07,7.82570499338,0.145590937611,0.151049339055,8.33967775405,160.002789464,1.04064478233
BRA_2005_2008,33.1105013193,22.0328345201,51.0589242538,2.64753120201,24.3876287467,2.86038651047,9.57640444278,60.7496701479,0.0,0.410010574353,22.7820087505,44.8190260359,0.391271782241
CAN_2005_2008,33.4852417131,48.7756058239,88.0889496534,8.66109907924,21.7902611405,11.3585385223,18.711479937,37.8845769674,12.4730946487,2.67697425754,27.7875451331,10.5465600529,1.03626749548
CHL_2005_2008,28.610396335,16.7960927296,118.841571892,2.01536266798,15.2592347753,3.79230272153,16.2760303976,40.290219995,5.49830713083e-06,1.00105784279,23.1873008389,11.3200605092,0.590471327327
CHN_2005_2008,9.69983523147,6.64598345742,66.7734340479,3.73955353809,3.10792348188,0.214554663743,26.7458474609,9.49784130186,6.4331821844,0.0871523445749,17.6894472224,77.8936237811,2.45073902508
COL_2005_2008,18.425839186,41.2914762063,27.4172796059,1.60994931903,12.4093842991,1.22338040384,2.8696682212,35.6269763657,0.137170671381,0.448292725366,16.8435395058,33.5170843171,0.260016603314
DZA_2005_2008,6.91476910909,3.69662659384,208.849340871,16.0409036257,4.18145573185,0.686570434232,0.0687975297425,33.9999030902,2.64605886565e-06,0.448794805454,16.6632110402,2.24505761871,5.30497385358
EGY_2005_2008,8.50224276632,44.6707834416,185.971934269,3.48490872443,8.59384034469,7.59299677273,0.0227934849923,33.398402345,0.00644066672069,1.94855559982,16.9777946118,41.1416462194,1.34761572435
ETH_2005_2008,0.504082442042,37.6373798826,36.8468313388,71.7238728755,3.21652633536,0.0743940839288,0.0195596427649,4.29908189128,0.153593348634,0.0246140857366,0.43036626885,0.640478027488,1.43333020197
EUN_2005_2008,19.7260978542,9.4900903825,110.383025908,9.15690655771,12.1400633106,17.4320303395,33.1684566958,37.5011378221,0.0,3.8577804182,25.2139663816,4.95138146373,2.42273722906
GHA_2005_2008,4.09915804978,42.9053784285,13.9933783556,16.8528015337,1.21346489339,0.0158727056455,0.626863272112,9.10640856247,4.04899673172e-06,0.099569169325,11.5749525252,27.7556980078,1.14248923144
HTI_2005_2008,3.29432033552,0.0193137987528,0.0292269658258,0.00859418452325,3.34107241757,9.095251775e-05,3.26882986141,0.0274380224918,9.49275e-09,3.1489729e-05,0.0112246727395,0.042281227946,0.69541657502
IDN_2005_2008,4.92732201739,27.7700556324,18.7192167678,0.194810455641,1.38180931125,0.0467773540661,2.01155250458,19.614753781,2.82202631266,0.0539637663758,17.0580297884,133.089847099,0.471195069875
IND_2005_2008,1.25698007667,7.00737752374,58.5358883486,14.7057457162,1.06913384495,0.00822528051276,0.265755248238,17.2672037649,0.638948973263,2.53862661436,10.3829839922,69.0153399424,0.569547943546
IRN_2005_2008,17.4627828147,1.05170276009,166.77284698,0.378612993632,4.21753110671,3.78292939806,9.84393783444e-07,31.3884062502,0.266662680743,3.34136299803,18.5269578458,34.1844749551,4.58611476093
ISR_2005_2008,64.6238991965,0.003217134173,0.13295484184,0.009640504367,20.5327157404,0.0190329208365,2.11013428007,0.0635721949748,0.0002675993735,0.000943722825,0.0137180338302,0.013586190652,1.31556481848
JPN_2005_2008,11.8296126679,12.3551205469,39.7202697292,3.43227910289,6.35997636977,1.93982789366,14.5737626876,16.8199179863,6.04714763012,0.694810727919,18.1690425082,60.9863314673,0.318684885058
KAZ_2005_2008,10.8662214044,0.0785417952357,144.12209067,2.93374731457,18.5245239616,2.09694669608,10.9876347029,28.3641651121,1.7716111526,1.64281189296,15.0287741525,9.91527730998,6.68717512337
KOR_2005_2008,11.531264335,1.95482440467,48.1212601302,4.32195688115,7.06264945514,1.48371237506,22.8362547288,26.198976982,8.93687922012,0.162261672301,15.8390396907,78.7969720675,0.109801603094
MEX_2005_2008,23.4605049297,140.930826501,41.7035214294,6.01769439649,10.2456610108,2.6967850335,9.80472009509,41.1094685541,0.0,1.35096098016,17.084704127,8.55499659805,0.669762418696
MOZ_2005_2008,1.42690002422,51.3723211578,17.4618409769,15.4815648797,0.634745001174,0.0119349250474,3.48696802115,6.8235466846,4.08482109041e-06,0.00891493268507,4.8077513501,20.9902766125,0.948471723418
MYS_2005_2008,34.3769190127,1.75510596192,34.2449053835,2.3785699888e-05,4.54438716627,0.299471151729,6.06877748221,48.3065333591,0.00413899232675,0.362432862457,24.6058455333,77.0293496491,0.613622160452
NGA_2005_2008,1.44304664883,31.0203036934,18.440638286,40.6754371515,1.47098614193,0.0609207303453,1.10131784472,9.01850202375,2.07189676387,0.165762465847,10.8797843142,23.468629937,2.4803604598
NZL_2005_2008,31.6443714592,6.14753565974,53.163298474,20.4658354543,18.2777319746,9.79034964844,15.7873491318,51.4227717089,0.0,7.45805396329,22.7432642289,9.14371086641,19.1541584207
PAK_2005_2008,2.87336909223,7.3482044454,125.115245027,1.81718718525,5.55110615823,0.00740784977176,4.44014260231e-07,24.6008084918,0.00511461467045,3.73301010067,16.2705160452,12.7650383017,2.41361346966
PER_2005_2008,23.7968852578,18.7571441762,56.3974638423,5.87248806125,4.18778894106,0.578994988113,3.1048944032,34.2855239008,0.00960227773292,0.168268848405,12.3449873126,56.0263443477,1.26748991165
PHL_2005_2008,7.79507085365,16.2065817535,22.5719040719,0.0365626906581,3.20025466236,0.145612527037,13.9395273843,21.0740075831,0.0124615026527,0.133708105367,7.17758978729,114.814860283,0.460249041766
PRY_2005_2008,5.87816082789,53.1668914715,49.6742672864,0.000106393572605,20.4848417702,0.0879580743981,19.6993417055,19.3282349456,14.5116692024,1.51990819696e-05,22.2101834988,7.8131167122,0.483800284904
RUS_2005_2008,18.925096896,0.969895242452,103.217571089,14.6604993129,12.7627487674,4.92316340317,15.1010158418,41.3612972849,0.0,3.19871615871,19.7928955059,4.93794807898,1.06286822263
SAU_2005_2008,34.1928291925,0.233223776324,91.6924871097,3.49835664486,3.55864800262,2.29102378812,0.107466626041,33.3213946837,3.49835668373e-06,1.2232607411,12.1086047172,42.061946397,5.14392315961
SDN_2005_2008,0.00065783601975,0.00201434523325,0.0414736980195,0.089517716234,0.00824554738575,0.003713069363,2.15175e-09,0.0216790716937,2.15175e-09,0.00041734332675,0.005643290487,0.00122909179975,0.0101516468955
THA_2005_2008,9.20440024815,1.28378307299,13.3331443602,1.62402866448,2.61042095852,0.136014718623,10.979017765,33.7218908279,1.51209579665,0.172909212154,9.77155578837,103.235014213,0.0365482479698
TUR_2005_2008,12.2494595368,14.7174390078,209.815927548,4.0049146897,3.74501830787,1.9609963655,0.00858580882574,28.3043115276,0.594495194169,2.06696472432,22.2172044572,8.30771498826,4.0560118049
TZA_2005_2008,1.52192938546,66.4668278396,12.4760929311,20.2828506668,4.79643815982,0.235073929424,0.276699901614,7.36554837494,0.0239756269304,0.387776547105,7.81706218732,19.0089270081,0.936018788408
UKR_2005_2008,15.5333884317,10.4554771346,123.239957536,24.705323545,8.19858839502,4.18707816414,11.1027474361,45.2729065526,4.21402683897,1.97036870745,16.972121794,3.45882619927,0.298791430889
URY_2005_2008,15.4240413699,32.2529193036,120.69387141,1.21373248263,40.7530634891,9.07372684816,7.24472456499,34.6876205098,2.83763553862,1.37033029636,29.0630834318,13.1284582123,3.76077719263
USA_2005_2008,46.8811267554,16.1529669261,84.3400038842,3.12228084377,29.8660412495,14.8413666861,22.7880633623,29.4680902625,0.0,2.18809638744,38.2970809054,13.1962477359,0.471635147969
VNM_2005_2008,5.85451388101,5.10039866704,12.552727989,0.018740489182,3.02516030792,0.0389652299364,23.461283385,13.2249591985,1.5271299147,0.111221279962,6.126498781,170.102342809,0.113284497493
ZAF_2005_2008,23.9874446212,91.0899575381,57.202038367,4.768629417,11.1846634533,0.938759322465,3.581856909,32.7176282587,0.512876774316,0.26222442086,17.1308777794,15.4459340689,3.21776147411
ZMB_2005_2008,2.61126259125,79.1618101323,12.8427164464,5.29938332973,3.51468545557,0.0946693442484,0.984177176676,8.40088866567,0.497118521777,0.0232897163383,1.83578068359,2.20540577142,0.560646935616
ARG_2008_2011,31.9740284911,30.226865406,116.111811071,16.9643856164,42.7325970173,11.4342340366,6.26437054331,39.8883782219,2.43847393808,0.749861726711,18.7418954669,8.10386266325,1.06001381798
AUS_2008_2011,35.9679179379,3.41641044198,72.8118477442,11.7871572419,23.829185481,11.1737565107,19.7321926806,47.3844842893,0.0,3.49374756152,20.2124667562,10.5730181517,9.57769987493
BGD_2008_2011,1.16538646714,3.42880641561,21.4107722334,0.376111241364,0.909818673899,0.00866097571247,4.65607586771e-07,9.66843679142,0.223615730926,0.164625008398,9.25927516216,173.590792578,1.11414074769
BRA_2008_2011,37.746251479,23.2724353963,51.4160582166,2.63921430126,25.3288999601,3.29827483273,10.5521583616,60.2099284847,0.0,0.399452758385,23.3051627523,41.640650732,0.398708695762
CAN_2008_2011,32.9232363354,47.2228322444,81.7460262809,7.99817187087,20.451992964,11.579250159,17.8075299791,35.9065668968,14.2664420772,2.69671949845,26.4648888236,10.9347717614,0.981243430909
CHL_2008_2011,29.1453281463,16.8704016186,117.183442077,2.18619961281,14.7164494021,3.91368729129,17.9038810675,42.8613612729,0.0130844097039,1.04387662465,21.3726616604,11.552962647,0.559587460425
CHN_2008_2011,10.8777991793,7.10353071281,64.9607086461,3.28257724352,3.31658310789,0.220568192647,28.6334194793,10.2848066099,6.70798586131,0.0962488093563,19.9108005648,77.7592297369,2.58827764311
COL_2008_2011,20.8543369371,41.3897571639,28.3804062079,1.57708909586,11.6943685176,1.23929289832,3.47677977915,34.1833491867,0.0672547887498,0.441294692078,17.5170526155,32.3465483457,0.21687494527
DZA_2008_2011,6.74058868708,3.6242980862,209.492421393,16.0197770951,3.88055016674,0.574054854763,0.0654959040736,34.7328070107,0.0503612735009,0.435341904054,17.1262107925,2.54528680346,5.54185279405
EGY_2008_2011,9.22347162084,44.5880028461,188.623958857,3.32629614199,9.01880439581,6.40241147363,0.0967911332152,33.607661728,0.0350115189612,2.16626009343,19.1064536844,39.7053544063,1.50178027855
ETH_2008_2011,0.53915421922,39.3533088752,39.7308830154,78.2377019423,3.1646152694,0.0692136821205,0.0180604224558,4.46734695941,0.118375978919,0.157618850382,1.62602727257,1.17914241644,1.4314588824
EUN_2008_2011,20.4418390995,9.50851170513,110.404358234,9.37936843947,11.6083092715,17.3856218969,32.5065063554,36.4226798914,0.0,3.94399514945,24.061781025,4.98758679065,2.13104079978
GHA_2008_2011,5.17154247747,43.3296883727,12.5707669654,16.2182141344,1.03877730175,0.0207674225735,0.755131404967,9.42121644691,3.75002764154e-06,0.0844099776723,12.1207336407,29.2659286228,1.49128076319
HTI_2008_2011,5.16303557301,0.0209065508047,0.0225711809628,0.00851187093525,3.33123635351,0.000256634911,3.14425157151,0.026837285466,9.0695e-09,4.355539725e-05,0.0107246284973,0.0437020110122,0.599765541327
IDN_2008_2011,5.5694976517,28.1234331455,21.4501007835,0.315793568641,1.61386948663,0.0574669232336,2.19612680506,21.1096337989,3.16132522764,0.0504381560816,18.1540033884,134.636293705,0.432731285466
IND_2008_2011,1.5315953868,6.99501585044,58.5105633698,14.1383482332,0.959325541611,0.00100792920434,0.238281148888,17.8167661549,0.791951196742,2.67698029719,12.0840717282,68.8305266708,0.540241325648
IRN_2008_2011,22.0347782184,1.01596278483,166.892890063,0.365746602537,3.99342072419,3.60524188391,0.00262685802121,32.1870179659,0.241935066072,3.38716220771,19.0968645212,34.108931952,3.12880786391
ISR_2008_2011,63.5267185282,0.0030009866965,0.130114934212,0.0076388752275,19.9985362491,0.0175348095205,2.02264002889,0.0623514028915,0.00024987188625,0.0009253921755,0.0146142562153,0.0138583899395,1.61612071551
JPN_2008_2011,12.3088457183,9.79997305699,40.2709949589,3.48367855077,6.63989787405,1.89472006066,14.5420347033,17.2416744378,5.79718455993,0.641978340592,17.6395094894,58.9236249273,0.245333219006
KAZ_2008_2011,11.6231483839,0.538125233922,146.581573685,2.8366484333,18.5803989282,2.51610844043,11.2364757662,27.8727300411,2.77778863465,1.37528243203,15.7543440282,10.7551429556,7.57791154515
KOR_2008_2011,12.8673789813,1.93188043654,47.7658368766,3.19153326177,8.06038234152,1.70230765279,24.0911172656,26.7575184352,8.54484342376,0.174943507277,14.4437884089,74.0347973893,0.103406533008
MEX_2008_2011,24.2533595627,140.319132408,40.5376671459,5.38759892784,9.78459070739,2.86467043892,10.3885269136,36.4606554949,0.0,1.28948627657,18.1543559872,8.26500025483,0.57346274484
MOZ_2008_2011,1.60282864259,55.1582312132,16.9988060072,15.3240236699,0.619805634492,0.0148449301885,3.20622766417,6.96176743706,3.75444169636e-06,0.00852204767146,4.28538104466,20.0290860241,0.790832728396
MYS_2008_2011,37.5297763722,1.68589907223,30.6899086256,2.25982216065e-05,4.18940962372,0.371392415544,6.25697214151,50.5573445169,0.00650030096328,0.317615309298,25.9969779853,83.1640239623,0.662610406061
NGA_2008_2011,1.29977729654,31.2606145727,19.0356970264,38.8861935515,1.33415538295,0.162563647978,1.14199556203,6.86649676474,1.99029483972,0.211801772812,12.1659902102,25.3778274125,2.15982429457
NZL_2008_2011,29.428641888,5.88447142883,58.9763788786,25.0584758238,19.212307475,8.10438986251,15.6310472851,49.4645375571,0.0,19.1575988393,18.6679800465,9.41284505877,8.25552279024
PAK_2008_2011,3.58980581269,7.44202986283,125.240168415,1.86040969461,6.00090728788,0.00731132722767,4.17259371628e-07,25.4951056106,0.0053080081179,3.80320042619,17.2933843431,13.0061955358,2.18953421045
PER_2008_2011,30.1828788712,18.7111141984,57.7637080997,6.03678438533,4.17098492739,0.752038582469,3.17935483709,37.6478601823,0.0327983583753,0.254749493985,14.047234432,62.276019078,1.21335338795
PHL_2008_2011,9.16956721847,17.086774172,22.7485985162,0.0521275430545,3.28391378512,0.167248742158,14.3587399736,20.4244921112,0.01980886293,0.210124153674,8.34256112194,117.438866889,0.528643977806
PRY_2008_2011,5.38443275199,54.696483094,50.0433488975,0.000102135334942,27.0148565176,0.147878034539,19.4247254013,19.6926704006,12.1623846054,0.00568027029039,25.9339974743,5.73359764406,0.498378362216
RUS_2008_2011,21.7516372884,1.03908015364,101.027086145,16.1392933048,13.4271349143,5.18707005129,18.1483160685,39.2022920493,0.0,2.89653045734,21.1550375253,4.91406468234,1.17251589411
SAU_2008_2011,38.1985050903,0.216318149033,94.4336910586,3.2447722355,4.08017913326,1.57268063149,0.102614135592,35.0050439681,3.24477227155e-06,1.30153389287,10.3052999091,42.3251939689,4.74631978227
SDN_2008_2011,0.00077017085475,0.001704174322,0.0491886098125,0.080688243125,0.00753582247225,0.003440763377,1.97775e-09,0.0240229436375,1.97775e-09,0.00038542968475,0.00647977192675,0.001292859833,0.0103775660818
THA_2008_2011,8.32168002343,1.27534409262,13.835842418,1.50794773552,2.1243397909,0.157335404168,10.1643062017,37.0908887836,1.0752890691,0.148399147785,10.0794621261,100.566263132,0.0396106871121
TUR_2008_2011,15.024766958,15.4791855433,210.311692183,4.00091242486,4.73355066295,1.93973867376,9.77187555098e-07,30.3538043536,0.897409380973,2.30530896093,21.2736368595,9.01583610606,3.6525392957
TZA_2008_2011,1.64204903266,67.3015971016,13.1678579541,19.5786295911,4.24706655275,0.274867512928,0.273380719281,9.20548643908,0.0218247917472,0.614932003801,7.42306155472,20.5992990246,0.923144989306
UKR_2008_2011,20.2699205677,11.1492726829,123.616967922,21.3899023329,6.75712733819,3.64288808284,13.0233243375,41.1486766961,2.52861956878,1.83440930454,19.5713236479,3.17741656365,0.365620084954
URY_2008_2011,18.0912107957,32.2123687538,115.914667446,1.19495670223,38.8060220132,9.99002736913,8.44885180571,36.51204159,1.59349818031,2.44140297633,37.481317495,10.5142613567,3.58856781691
USA_2008_2011,45.664537699,16.0533323739,81.8065163127,3.04735079108,27.7713083984,15.0220821168,22.0055232069,30.6470547342,0.0,2.30317467848,35.9898323307,12.7482566221,0.413072059819
VNM_2008_2011,10.859552363,5.29601807425,12.6794314139,0.0210576428592,5.05889511546,0.0530797515318,26.6449798767,13.0307100728,1.65329737055,0.126991527443,9.3864558752,163.882532788,0.137515469796
ZAF_2008_2011,28.786187401,89.4283932491,57.7414006164,4.61997104856,11.04693492,0.927353297014,4.32667225909,34.8467103215,0.689474700238,0.261618335725,18.9099153977,13.6776856895,3.21055505367
ZMB_2008_2011,2.64352294096,85.303607506,13.6534410432,4.43971543218,6.44890461535,0.103782581025,1.34974195859,9.27121500263,0.464774585466,0.0123119810349,3.14142536713,2.65910390158,0.576430016065
ARG_2011_2014,33.3630355904,32.3374042272,116.967798659,17.7876694197,40.4174846822,11.9200387964,7.22214021352,39.2200696082,2.53792158674,0.749736340323,18.7154515236,9.36409208841,1.15178116356
AUS_2011_2014,40.1834475502,3.24961988657,78.7212582697,8.67431233332,23.000163232,10.5108963512,20.030930074,46.7604119757,0.0,3.46338477421,21.7869216163,12.5847525726,8.39724188699
BGD_2011_2014,1.21939225333,4.09684020585,22.7252120266,0.489420615836,0.897424334216,0.00860645220935,4.49435761492e-07,11.370466519,0.209727140432,0.171678948361,11.2771313057,179.084946908,1.16178954067
BRA_2011_2014,39.0970619124,23.4843631474,51.5204314104,2.74148069468,25.4876528751,3.6196275705,11.3473114392,56.7554392486,0.0,0.406799666133,24.008437164,40.3521397749,0.402659534752
CAN_2011_2014,31.985579061,45.7928297267,77.7494376879,8.87952185052,19.3052475229,11.6056092937,16.6940898714,33.8099875683,16.4127522687,2.77272096455,27.313667695,11.0114668317,0.89621348488
CHL_2011_2014,31.6981920303,16.5908131619,119.717371616,2.11675892066,15.8194250384,5.61499133747,18.8870248765,43.5893379335,0.0130842395958,1.18901317962,23.9299681021,11.5573871995,0.478946820047
CHN_2011_2014,11.5446181948,6.53303186242,64.2071760999,3.38476834624,3.51292342026,0.227522237672,30.7483108124,10.8078617933,7.13320238997,0.113156068332,22.8866880179,77.724376234,2.73186780037
COL_2011_2014,23.5367720161,40.2661811136,28.1496865655,1.52867402933,12.3199590484,1.27196514685,4.62407479388,35.553174027,0.0691951559258,0.436806098455,19.6586850407,30.3415049529,0.196271368284
DZA_2011_2014,6.6914174944,3.56872671691,209.780887822,15.6041062562,4.02147691317,0.684165329272,0.0619028505334,35.1753499217,0.0333649428176,0.582422354192,19.8156926563,2.93332727294,6.77760616609
EGY_2011_2014,10.1498628658,43.5717847884,189.435012689,3.37636788011,8.80815315847,6.46510976476,0.170968033776,35.5471201761,0.0555217977444,2.11802119241,20.0827287249,38.8924884753,1.33564568972
ETH_2011_2014,0.560316180124,42.4356799591,40.9134193683,82.1391826359,2.70098264209,0.0653670004669,0.0167172520844,4.60165263797,0.302846073366,0.192928670611,3.97135141728,2.23931849171,1.36164796416
EUN_2011_2014,21.4676754183,9.52476324065,109.684450016,9.39539924893,10.8509129828,17.4864890968,31.7447030107,37.8776459548,0.0,4.05635674813,22.7697504772,5.08516914112,1.87811298024
GHA_2011_2014,6.94228559978,45.7789042969,13.2010706551,11.9286303124,0.874761814918,0.0221637394842,0.806895732649,9.71278685893,3.48331352637e-06,0.0689617246247,15.4483573232,32.6105323667,1.52343335491
HTI_2011_2014,6.33392418039,0.0230703530222,0.0193045449005,0.00586056616075,3.46286587061,0.00023517516975,3.27454435383,0.0280043560655,8.68975e-09,1.234508425e-05,0.010275357037,0.0432303548058,0.530619466345
IDN_2011_2014,6.36884170027,28.6882853314,23.8340386377,0.407183560764,1.77529010379,0.0780419217579,2.29885761958,22.8234927193,2.95555628281,0.0724619796032,20.9287351762,134.943282078,0.401006746583
IND_2011_2014,1.63432152662,6.95991647552,58.9832718981,13.1638948124,0.560502880759,0.000195837216935,0.219844949877,18.570409962,1.29557267696,2.8953110727,13.3552783387,68.9561965241,0.509112396399
IRN_2011_2014,22.5804430559,0.978557182359,166.906144296,0.352280585649,3.55857490232,3.44536374479,0.00256118617659,31.847521887,0.152730549868,3.25433146999,21.5656343082,33.5026413764,3.13903307774
ISR_2011_2014,61.5287503602,0.00283824978325,0.129241163817,0.007224635812,19.9670036962,0.0165265546077,1.737654517,0.0631054064568,0.00047523005,0.00099366053,0.0154306525077,0.0153786049233,1.84418948463
JPN_2011_2014,13.0100802935,9.26718806215,41.4610844795,3.64257684554,6.78639569918,2.1752858136,14.7201586765,17.1808163349,5.50459609808,0.610548242035,17.6015382233,56.7205566494,0.169443872802
KAZ_2011_2014,14.3371043584,0.58975331875,144.74402552,2.70117031449,17.0132741059,2.65415987882,6.61009847445,27.826140382,5.35946473614,1.21949666534,16.1390743272,10.8572637809,8.06684065747
KOR_2011_2014,14.8632753607,1.90540720824,47.3612303764,2.7524533795,9.18417835858,2.15546237227,24.7623094451,30.0133797142,8.79962437232,0.187994889283,13.4005299629,68.8560459046,0.114979731587
MEX_2011_2014,25.1636479269,134.710752734,47.1814181573,5.27913474603,8.87011938606,3.267934187,10.8264589024,34.5276273971,0.0,1.50140355363,19.9769494288,8.32214667032,0.512382444565
MOZ_2011_2014,1.61596479802,52.8243438492,20.3591978759,12.227982719,0.775256583062,0.018289085268,3.75199714366,6.50216968029,3.45057789414e-06,0.0223752461887,4.0618092446,22.610906843,0.766491920782
MYS_2011_2014,40.8529923684,1.60781660493,31.0901235116,2.15515953941e-05,4.65849168673,0.504023797709,6.43090677157,54.0140821008,0.00236455707566,0.369970464846,27.9338563427,84.0455981005,0.765147779052
NGA_2011_2014,0.838321650904,33.8269161861,20.1406340461,38.7162404875,1.43456019626,0.0645712012877,1.14930253867,7.98286582796,1.84689247619,0.120460827077,13.3926225824,29.3314877762,1.93994193797
NZL_2011_2014,32.5267136065,5.50074699867,80.6453819493,19.5429907177,17.1348923371,8.28356931531,16.1816316252,48.8163526895,0.0,25.4836803226,19.7534779807,9.69155249268,5.58890438898
PAK_2011_2014,4.23269419509,7.70967789332,125.524425883,2.07662096745,6.18207007139,0.00774464640034,3.91687614988e-07,25.8992890284,0.0042002822719,3.89102774455,18.8065291671,11.648464733,2.16049052661
PER_2011_2014,34.7232782137,18.2820915281,59.9453854127,6.24731230402,4.44744670465,0.820024058989,3.30622452573,38.3783610607,0.0188527439241,0.29761432321,19.5593548822,63.8962560157,1.21729595975
PHL_2011_2014,10.3886831482,17.9455166789,23.068167354,0.041332411554,3.09425266705,0.191615514696,14.3013845929,22.1498524758,0.00642036408895,0.195464392613,9.66078480143,117.616292232,0.511471228788
PRY_2011_2014,5.78708319013,55.4648096917,50.6499748935,9.81105358657e-05,23.2702550515,0.281118415304,20.9450316265,19.9278071922,15.8872040829,0.00187736927087,25.4656041569,6.16114999436,0.548173152773
RUS_2011_2014,25.48078409,1.14247398945,100.297274737,14.6251240214,12.8953945569,5.70442515663,19.5780574925,38.6086634998,0.0,2.89326115342,23.0519804421,5.10177369507,1.20553543322
SAU_2011_2014,40.5675095662,0.201190505764,97.9288479167,3.01785758647,4.24167475783,5.73629841003,0.241706321478,36.5804332172,3.01785762e-06,1.89538743487,15.5143964257,42.8478234726,5.46983104763
SDN_2011_2014,0.00096275146175,0.00115755660875,0.053512910131,0.075777732091,0.00721392964125,0.003178585068,1.82575e-09,0.0303702583658,1.82575e-09,0.0003516233985,0.00773304577925,0.0013575912685,0.00965584430475
THA_2011_2014,9.01267930029,1.26281926249,15.4598744667,1.49309831672,1.90090215948,0.198949420619,10.6593833748,41.0885460729,0.538945642725,0.177937223038,11.2644903383,100.653247189,0.0392216806232
TUR_2011_2014,16.6050047338,15.9839217181,209.365838097,3.86761663074,7.3041911148,2.08160791915,0.0127098094833,30.4810151574,0.673581408922,2.79198791609,24.4627546614,9.15903744745,3.87263544406
TZA_2011_2014,1.60913121472,68.1470970816,14.0156763555,19.677351119,4.10962193028,0.267599886341,0.248803597361,10.1900715587,0.019842410474,0.642889223182,7.29655458973,24.7970933835,1.08051081712
UKR_2011_2014,21.1905438503,11.0512374508,122.727222386,20.2844147097,6.25153972111,3.08747676953,14.9392132963,40.664706895,2.28372428192,2.17989184332,17.4283945107,2.94946835289,0.379271061151
URY_2011_2014,14.6911884178,31.7421537329,112.901935736,1.17563867762,39.6473068718,13.8275941425,11.9165746658,39.6733040678,1.03679360121,0.981001803608,28.6061194488,7.87314610397,4.33338759859
USA_2011_2014,44.9957121046,16.0553903331,81.8141004157,2.97542062552,25.827170957,15.3693787881,21.0301214109,31.8362132799,0.0,2.46547953149,37.1178033808,12.1942368743,0.3865188847
VNM_2011_2014,12.9935811915,5.62280469442,13.4007266459,0.0603619080473,7.87851988607,0.0493879404099,28.1711639099,15.9687041196,0.919415154577,0.165666561864,10.7879015353,160.02686935,0.125893829952
ZAF_2011_2014,30.8811312743,89.1678458847,57.9191422876,4.12656351743,11.0679444565,0.943486214853,3.49666721791,35.9753391551,1.20571508896,0.261759128685,21.0227350002,16.9019909164,3.01881901231
ZMB_2011_2014,2.72272354531,87.8762217563,14.6880679846,2.79531589832,8.32892182301,0.182247911097,1.84344790279,11.4784936353,0.424473115771,0.0180335043837,6.45053538912,2.81865044717,0.586399291349
ARG_2014_2016,36.1862616974,32.9120436506,117.471914127,15.838580745,39.9033544119,11.7413516314,8.42075490494,39.1250042463,3.03258835184,0.836638386689,18.7012125679,10.1829137135,1.1921530162
AUS_2014_2016,41.8739634742,3.18498447551,80.4971471688,8.78084677249,21.4375168677,11.1085566186,20.7398660479,49.7029289882,0.0,3.86255013416,21.8268539583,12.1992967398,8.66313594915
BGD_2014_2016,1.22257332616,4.34788786937,25.124508245,0.479564277653,0.882669338661,0.00720588818731,4.36080487332e-07,12.6725474314,0.139636818176,0.169407608888,13.2439305041,180.931474266,1.16424200558
BRA_2014_2016,38.9726672479,23.8171881805,51.4043078572,2.82441644891,25.9101046982,3.70819791667,11.4810584031,52.7845018367,0.0,0.396691246011,23.1002156438,38.0810229791,0.395008496256
CAN_2014_2016,33.8698347711,44.710989521,76.0530133462,9.37825218594,17.3877046714,11.9774375007,16.9517792557,32.6691274731,16.8311185652,2.88079932035,25.8930292049,11.1067447753,0.921353059408
CHL_2014_2016,33.1677344366,16.1593370872,119.77935742,2.06170852492,17.1732395026,6.3717257771,17.989706525,43.4220736349,0.00496677731268,1.28476994944,27.8070921455,11.7303640574,0.42480301561
CHN_2014_2016,11.7795049186,6.17770335623,64.3196590925,3.46914707502,3.84753422981,0.245013421943,31.521431904,11.4288181602,7.82358231391,0.126441019432,24.6252916835,77.8165438528,2.94996385516
COL_2014_2016,26.7180022159,39.4467053714,28.736313834,1.49308663084,12.0688980332,1.26983074828,4.85840068651,35.5601779132,0.0619321354646,0.42490843483,20.8425246398,31.2454365601,0.200628334393
DZA_2014_2016,6.4064280134,3.53087794986,209.84679109,15.1323340708,3.96229540262,0.772187206891,0.0590161028763,35.7109402601,0.0404546521499,0.528949641844,22.4467626044,2.8473185143,7.07103563304
EGY_2014_2016,9.43485027217,42.8142500501,190.178011535,3.22531030267,9.14038834276,6.32267174706,0.164876223802,36.8792738731,0.0327184839579,1.91791943755,21.8524717438,38.7312893017,1.28604391493
ETH_2014_2016,0.54911020889,42.8073636646,43.0668116151,83.0260782682,2.4868912117,0.061389098211,0.0157003652102,4.7677711849,0.340317932911,0.179218487323,4.91070114356,3.09128301474,1.2905481347
EUN_2014_2016,23.0909423501,9.5527796823,110.007079347,9.42303517522,10.8331417848,18.0708868143,32.2749020979,38.2210364604,0.0,4.29535858646,21.0375246292,5.39770387823,1.88988662532
GHA_2014_2016,6.00724522309,45.0248483122,13.8512686481,10.2919128403,0.816332250053,0.00483061257449,0.786927621471,9.92351683172,3.28461125348e-06,0.0354193114603,15.5535854694,35.0023496229,1.51967603316
HTI_2014_2016,6.54104633932,0.0234632301247,0.0183582036893,0.00333134622067,3.46429923603,0.000151438842667,3.22930343211,0.02827092012,8.404e-09,1.40066013333e-05,0.00995756710933,0.0439484890603,0.575204401453
IDN_2014_2016,6.65578552006,28.8639953278,25.0263075164,0.370845645803,1.85397332344,0.0767931905501,2.27872489309,24.0831586035,3.01441421641,0.0833741960852,22.1371134432,134.953454912,0.404332812391
IND_2014_2016,1.80263376451,7.09302313228,59.5693732626,12.42212444,0.466591232557,6.86539889907e-08,0.212413026813,19.8658479791,1.15078225342,3.07325486309,15.1755656186,68.9401223611,0.477312205233
IRN_2014_2016,22.7715035881,0.948273795438,167.131360568,0.341378566358,3.2597981195,3.19211075594,8.87584272531e-07,31.5438836929,0.0716101776297,3.20450821777,19.7022756692,32.9021556024,3.22603350931
ISR_2014_2016,57.6150238367,0.00272817316167,0.130389016975,0.00694444077467,20.1669057673,0.016054637709,1.6115966325,0.0657467090203,0.000199377818333,0.00100119257533,0.0194439760697,0.0160764460323,1.85515774979
JPN_2014_2016,13.8634050092,7.50610596082,42.5843591777,3.70654057565,6.64133514412,2.30382603733,15.0807265206,16.7768292373,5.55241756971,0.600462746053,18.2576820558,55.3089199681,0.139967318388
KAZ_2014_2016,14.5384951044,0.567691774144,143.441187144,2.61138479619,17.2308607522,2.1796957197,4.75394885278,27.8884517191,6.33461748759,1.03580535889,15.2644812821,11.3692273758,8.04259956571
KOR_2014_2016,16.622417143,1.92210303354,48.0537847097,2.93758910075,10.0024659853,2.58462071413,27.9375826047,31.1768690799,8.66464161624,0.1971639691,12.8201193843,63.4895320036,0.169075811898
MEX_2014_2016,26.1957868105,141.397706196,47.5196754444,5.92719224903,8.7514081339,3.70684048585,11.667075461,34.9027455615,0.0,1.68110291179,20.5177397987,8.17619172578,0.527244776845
MOZ_2014_2016,1.79262246211,52.3628430215,20.0388229906,10.1082234969,0.817376636731,0.018437872217,3.83762890132,6.82700074762,3.21798680224e-06,0.0353389913391,3.78801723751,25.5246694157,0.775841124506
MYS_2014_2016,41.5132920712,1.58258324017,31.5981122016,2.07754618021e-05,5.2524904627,0.66744587932,6.36939436173,56.8133047575,2.96792314757e-06,0.451083540867,28.9652118003,86.9042417737,1.05343466299
NGA_2014_2016,0.904589210683,33.6509230773,19.6075367092,36.3923151578,1.65464228017,0.0606630823419,1.10472091101,8.53167106015,1.74561536096,0.105247851799,14.1211774862,27.8337703599,2.34457908021
NZL_2014_2016,35.8228832295,6.32228500913,79.9087843522,11.8533205784,13.2023997929,8.62251665717,17.523237954,48.642939645,0.0,27.6998082858,19.9939338828,10.3094528942,3.13982028649
PAK_2014_2016,4.41134699941,8.05793836819,125.688601885,2.8186894848,6.28802293548,0.0082222186861,3.71667586406e-07,26.1636753176,4.76496910943e-07,3.80994101767,20.8260455087,11.5822322257,2.11816862962
PER_2014_2016,37.6304744821,18.1129671325,60.5634890237,6.07911161028,4.692112912,0.859848789657,3.31513366876,39.001497734,0.0283856317533,0.371586399673,21.4236797464,65.3631362076,1.23401153138
PHL_2014_2016,11.4430024254,18.9770189267,23.3558896318,0.0397298183055,2.97119941971,0.25341863833,14.1274521491,22.9122680243,0.0127797206285,0.218280903584,11.3149519917,116.906240565,0.498211921551
PRY_2014_2016,5.96425628159,54.9841827348,50.963787754,9.49042058162e-05,24.242242969,0.280320809282,20.992397739,20.0327165637,18.5515942949,1.35577438387e-05,18.5862321409,6.49386730679,0.530258419798
RUS_2014_2016,28.0541972497,1.34781071494,100.621336507,14.3627864548,10.623101316,5.39427319852,19.3597943927,38.6218649315,0.0,3.02441338398,25.8147365239,5.35017984643,1.14062272401
SAU_2014_2016,42.7821769304,0.190356902956,100.377908676,2.85535354434,3.97618270749,6.87352061714,0.247463973843,37.6938827026,2.85535357607e-06,1.77868943652,18.0435977968,43.9055897473,5.43850666583
SDN_2014_2016,0.000950821301,0.00113640896167,0.0458478127567,0.081406371677,0.00684287953633,0.00298128885,1.71233333333e-09,0.0319238315987,1.71233333333e-09,0.000324491297,0.008688672814,0.00161592162833,0.00905656200567
THA_2014_2016,10.1892112607,1.25103859317,16.3166485376,1.47181010962,1.75487093137,0.238912630395,10.9978830081,42.3464109602,0.206474666359,0.179352534162,12.9883290717,102.286076004,0.0431602318741
TUR_2014_2016,17.4162350655,16.0728918808,209.064468916,3.71527165403,8.29596179647,2.08701076242,0.0658912270052,29.4678282579,0.916146068779,2.88111110147,26.5747598489,9.30628985028,4.09385767148
TZA_2014_2016,1.49793047291,68.3993150148,14.7667051435,19.5659237703,4.07623769703,0.246855742026,0.243073463288,12.1535681545,0.0183355030633,0.603447121944,7.15610849734,28.3997544564,1.0698526138
UKR_2014_2016,22.2667237254,10.9335111514,120.899288002,19.5448407289,5.80374546186,2.91451382329,12.8250038165,40.5733154361,3.03509109648,2.20951594729,17.8526792758,2.78187733993,0.373078176431
URY_2014_2016,14.6109462601,31.4714286355,112.200577391,1.16560996061,44.334651331,17.8788042195,13.938236862,41.9591254341,0.722758817547,0.708834304222,30.3526913377,8.07819360276,5.8097608005
USA_2014_2016,46.9638569207,16.0767317932,81.1416976179,2.92134991899,25.0838385333,16.1161242607,22.1743699736,33.3325072397,0.0,2.55284287103,38.6344534978,12.3596688658,0.413737428371
VNM_2014_2016,13.119232069,6.09843757661,15.5136659758,0.0755050387944,9.78659862547,0.0448680259877,28.9963430679,16.9585670296,0.444169474994,0.151023080239,12.2395538388,159.353219159,0.116198273061
ZAF_2014_2016,31.7429982849,89.1473398167,57.8718296898,3.94563261436,10.7162741133,0.865627367586,3.43553594179,34.6596550606,1.50380183694,0.215085892784,22.4237619996,16.3678491639,3.06921847359
ZMB_2014_2016,2.69628182767,89.0014334653,14.8292000353,2.41782919119,9.07900646846,0.122915660378,1.5566494556,13.5683845177,0.39304927827,0.0224893829688,8.8527238856,2.42392057221,0.542988023692
